sensor,raw_value,reference_mm,sample_id
sharp_left,604,50.0,1
sharp_left,340,100.0,2
sharp_left,228,150.0,3
sharp_left,174,200.0,4
sharp_left,136,250.0,5
sharp_left,105,300.0,6
sharp_right,637,50.0,1
sharp_right,336,100.0,2
sharp_right,236,150.0,3
sharp_right,170,200.0,4
sharp_right,128,250.0,5
sharp_right,118,300.0,6
sharp_left,618,50.0,1
sharp_left,619,50.0,2
sharp_left,614,50.0,3
sharp_left,336,100.0,4
sharp_left,335,100.0,5
sharp_left,341,100.0,6
sharp_left,230,150.0,7
sharp_left,227,150.0,8
sharp_left,224,150.0,9
sharp_left,162,200.0,10
sharp_left,160,200.0,1
sharp_left,159,200.0,2
sharp_left,121,250.0,3
sharp_left,131,250.0,4
sharp_left,134,250.0,5
sharp_left,94,300.0,6
sharp_left,103,300.0,7
sharp_left,113,300.0,8
sharp_right,651,50.0,1
sharp_right,649,50.0,2
sharp_right,654,50.0,3
sharp_right,326,100.0,4
sharp_right,323,100.0,5
sharp_right,322,100.0,6
sharp_right,229,150.0,7
sharp_right,226,150.0,8
sharp_right,226,150.0,9
sharp_right,167,200.0,10
sharp_right,130,250.0,1
sharp_right,137,250.0,2
sharp_right,131,250.0,3
sharp_right,164,200.0,4
sharp_right,160,200.0,5
sharp_right,112,300.0,6
sharp_right,109,300.0,7
sharp_right,122,300.0,8
